{
  "accuracy": 0.8119201574360416,
  "precision": 0.9599759855913548,
  "recall": 0.8082561078348779,
  "f1": 0.8776070252469813,
  "roc_auc": 0.9068522222293678,
  "classification_report": {
    "not_cyberbullying": {
      "precision": 0.4624468587623996,
      "recall": 0.8303647158608991,
      "f1-score": 0.5940533980582524,
      "support": 1179.0
    },
    "cyberbullying": {
      "precision": 0.9599759855913548,
      "recall": 0.8082561078348779,
      "f1-score": 0.8776070252469813,
      "support": 5935.0
    },
    "accuracy": 0.8119201574360416,
    "macro avg": {
      "precision": 0.7112114221768772,
      "recall": 0.8193104118478884,
      "f1-score": 0.7358302116526169,
      "support": 7114.0
    },
    "weighted avg": {
      "precision": 0.8775207085979139,
      "recall": 0.8119201574360416,
      "f1-score": 0.8306138109574801,
      "support": 7114.0
    }
  }
}