{
  "accuracy": 0.8293505763283666,
  "macro_f1": 0.8290678265651144,
  "weighted_f1": 0.8310099679872709,
  "classification_report": {
    "not_cyberbullying": {
      "precision": 0.5956482320942883,
      "recall": 0.5572519083969466,
      "f1-score": 0.5758106923751095,
      "support": 1179.0
    },
    "gender": {
      "precision": 0.9093406593406593,
      "recall": 0.8323554065381391,
      "f1-score": 0.8691466083150985,
      "support": 1193.0
    },
    "religion": {
      "precision": 0.9489966555183946,
      "recall": 0.9458333333333333,
      "f1-score": 0.9474123539232053,
      "support": 1200.0
    },
    "age": {
      "precision": 0.9641666666666666,
      "recall": 0.9649708090075062,
      "f1-score": 0.964568570237599,
      "support": 1199.0
    },
    "ethnicity": {
      "precision": 0.9856297548605241,
      "recall": 0.9765494137353434,
      "f1-score": 0.9810685738325621,
      "support": 1194.0
    },
    "other_cyberbullying": {
      "precision": 0.591044776119403,
      "recall": 0.6892950391644909,
      "f1-score": 0.6364001607071113,
      "support": 1149.0
    },
    "accuracy": 0.8293505763283666,
    "macro avg": {
      "precision": 0.8324711240999892,
      "recall": 0.8277093183626265,
      "f1-score": 0.8290678265651144,
      "support": 7114.0
    },
    "weighted avg": {
      "precision": 0.8346776591583693,
      "recall": 0.8293505763283666,
      "f1-score": 0.8310099679872709,
      "support": 7114.0
    }
  }
}