{
  "accuracy": 0.8365195389373067,
  "macro_f1": 0.8370604657177312,
  "weighted_f1": 0.8389310236616134,
  "classification_report": {
    "not_cyberbullying": {
      "precision": 0.6160714285714286,
      "recall": 0.5852417302798982,
      "f1-score": 0.6002609830361026,
      "support": 1179.0
    },
    "gender": {
      "precision": 0.8968531468531469,
      "recall": 0.8600167644593462,
      "f1-score": 0.8780487804878049,
      "support": 1193.0
    },
    "religion": {
      "precision": 0.9653078924544666,
      "recall": 0.9275,
      "f1-score": 0.9460263493412665,
      "support": 1200.0
    },
    "age": {
      "precision": 0.9862896315338475,
      "recall": 0.9599666388657214,
      "f1-score": 0.9729501267962807,
      "support": 1199.0
    },
    "ethnicity": {
      "precision": 0.9781328847771237,
      "recall": 0.974036850921273,
      "f1-score": 0.9760805707091901,
      "support": 1194.0
    },
    "other_cyberbullying": {
      "precision": 0.6025354213273676,
      "recall": 0.7032201914708442,
      "f1-score": 0.648995983935743,
      "support": 1149.0
    },
    "accuracy": 0.8365195389373067,
    "macro avg": {
      "precision": 0.84086506758623,
      "recall": 0.8349970293328473,
      "f1-score": 0.8370604657177312,
      "support": 7114.0
    },
    "weighted avg": {
      "precision": 0.8430459124493945,
      "recall": 0.8365195389373067,
      "f1-score": 0.8389310236616134,
      "support": 7114.0
    }
  }
}