{
  "accuracy": 0.8538093899353387,
  "precision": 0.8948217454428133,
  "recall": 0.9346251053074979,
  "f1": 0.9142904236030988,
  "roc_auc": 0.8805706862511816,
  "classification_report": {
    "not_cyberbullying": {
      "precision": 0.5759562841530055,
      "recall": 0.44698897370653096,
      "f1-score": 0.5033428844317096,
      "support": 1179.0
    },
    "cyberbullying": {
      "precision": 0.8948217454428133,
      "recall": 0.9346251053074979,
      "f1-score": 0.9142904236030988,
      "support": 5935.0
    },
    "accuracy": 0.8538093899353387,
    "macro avg": {
      "precision": 0.7353890147979094,
      "recall": 0.6908070395070144,
      "f1-score": 0.7088166540174041,
      "support": 7114.0
    },
    "weighted avg": {
      "precision": 0.841976316870887,
      "recall": 0.8538093899353387,
      "f1-score": 0.8461842739428419,
      "support": 7114.0
    }
  }
}