{
  "train_loss": [
    0.6854478190285163,
    0.3903480573254054,
    0.3016802964441349,
    0.24159545844747382,
    0.1968055102536329,
    0.1627446866822151
  ],
  "val_loss": [
    0.45067326511655537,
    0.40225332017455784,
    0.39465180105928865,
    0.41703797903444084,
    0.49276748271118515,
    0.5594878360227865
  ],
  "val_score": [
    0.8052454717339733,
    0.8244231509428115,
    0.8374152255413824,
    0.8324552399315243,
    0.8286174636063928,
    0.8161986821345861
  ]
}