{
  "train_loss": [
    0.13416587452266027,
    0.09856039922332718,
    0.07938589905756517,
    0.06323928357620574,
    0.052453290326574635,
    0.044080139814314356,
    0.03982135487306748,
    0.03513190916673009,
    0.031905537654434,
    0.02874712811030182,
    0.02596011827340949,
    0.024300587885839924,
    0.023321108889419708
  ],
  "val_loss": [
    0.11895994429609605,
    0.12002119571635765,
    0.14443845691026322,
    0.17569750397732214,
    0.21699090258750534,
    0.26922906233396915,
    0.3041301404924265,
    0.3618496502749622,
    0.3677982479733016,
    0.3713795187483941,
    0.45297153749769287,
    0.43497570710522787,
    0.41957403952255845
  ],
  "val_score": [
    0.8462278675904542,
    0.8700776353942569,
    0.8900099090172057,
    0.8860622462787551,
    0.8930694826515219,
    0.8961460802387851,
    0.897302001740644,
    0.8977948897444872,
    0.9001128178425757,
    0.9030700241462574,
    0.8971408647140865,
    0.8998699609882965,
    0.8931237375955037
  ]
}