{
  "accuracy": 0.833145909474276,
  "precision": 0.9219694276573054,
  "recall": 0.8739679865206402,
  "f1": 0.897327220828648,
  "roc_auc": 0.8722859247731111,
  "classification_report": {
    "not_cyberbullying": {
      "precision": 0.49731182795698925,
      "recall": 0.6276505513146734,
      "f1-score": 0.5549306336707911,
      "support": 1179.0
    },
    "cyberbullying": {
      "precision": 0.9219694276573054,
      "recall": 0.8739679865206402,
      "f1-score": 0.897327220828648,
      "support": 5935.0
    },
    "accuracy": 0.833145909474276,
    "macro avg": {
      "precision": 0.7096406278071473,
      "recall": 0.7508092689176569,
      "f1-score": 0.7261289272497196,
      "support": 7114.0
    },
    "weighted avg": {
      "precision": 0.8515911158711552,
      "recall": 0.833145909474276,
      "f1-score": 0.8405819894174711,
      "support": 7114.0
    }
  }
}